pdb	ok	total_residues	full_backbone	ca_only	partial	ca_only_ranges
MUTATED/4PXJ_MUTATED_variant001.pdb	False	531	394	137	0	A:205-341
MUTATED/4PXJ_MUTATED_variant002.pdb	False	531	394	137	0	A:205-341
MUTATED/4PXJ_MUTATED_variant003.pdb	False	531	394	137	0	A:205-341
MUTATED/4PXJ_MUTATED_variant004.pdb	False	531	394	137	0	A:205-341
MUTATED/4PXJ_MUTATED_variant005.pdb	False	531	394	137	0	A:205-341
MUTATED/6E4H_MUTATED_variant001.pdb	False	479	394	85	0	A:205-289
MUTATED/6E4H_MUTATED_variant002.pdb	False	479	394	85	0	A:205-289
MUTATED/6E4H_MUTATED_variant003.pdb	False	479	394	85	0	A:205-289
MUTATED/6E4H_MUTATED_variant004.pdb	False	479	394	85	0	A:205-289
MUTATED/6E4H_MUTATED_variant005.pdb	False	479	394	85	0	A:205-289
MUTATED/6Q5S_MUTATED_variant001.pdb	False	479	394	85	0	A:205-289
MUTATED/6Q5S_MUTATED_variant002.pdb	False	479	394	85	0	A:205-289
MUTATED/6Q5S_MUTATED_variant003.pdb	False	479	394	85	0	A:205-289
MUTATED/6Q5S_MUTATED_variant004.pdb	False	479	394	85	0	A:205-289
MUTATED/6Q5S_MUTATED_variant005.pdb	False	479	394	85	0	A:205-289
MUTATED/7Q1R_MUTATED_variant001.pdb	False	479	394	85	0	A:205-289
MUTATED/7Q1R_MUTATED_variant002.pdb	False	479	394	85	0	A:205-289
MUTATED/7Q1R_MUTATED_variant003.pdb	False	479	394	85	0	A:205-289
MUTATED/7Q1R_MUTATED_variant004.pdb	False	479	394	85	0	A:205-289
MUTATED/7Q1R_MUTATED_variant005.pdb	False	479	394	85	0	A:205-289
MUTATED/7Q1T_MUTATED_variant001.pdb	False	479	394	85	0	A:205-289
MUTATED/7Q1T_MUTATED_variant002.pdb	False	479	394	85	0	A:205-289
MUTATED/7Q1T_MUTATED_variant003.pdb	False	479	394	85	0	A:205-289
MUTATED/7Q1T_MUTATED_variant004.pdb	False	479	394	85	0	A:205-289
MUTATED/7Q1T_MUTATED_variant005.pdb	False	479	394	85	0	A:205-289
NEGCTRL/4PXJ_NEGCTRL_variant001.pdb	False	531	394	137	0	A:205-341
NEGCTRL/6E4H_NEGCTRL_variant001.pdb	False	479	394	85	0	A:205-289
NEGCTRL/6E4H_NEGCTRL_variant002.pdb	False	479	394	85	0	A:205-289
NEGCTRL/6E4H_NEGCTRL_variant003.pdb	False	479	394	85	0	A:205-289
NEGCTRL/6E4H_NEGCTRL_variant004.pdb	False	479	394	85	0	A:205-289
NEGCTRL/6Q5S_NEGCTRL_variant001.pdb	False	479	394	85	0	A:205-289
NEGCTRL/7Q1R_NEGCTRL_variant001.pdb	False	479	394	85	0	A:205-289
NEGCTRL/7Q1R_NEGCTRL_variant002.pdb	False	479	394	85	0	A:205-289
NEGCTRL/7Q1R_NEGCTRL_variant003.pdb	False	479	394	85	0	A:205-289
NEGCTRL/7Q1R_NEGCTRL_variant004.pdb	False	479	394	85	0	A:205-289
WT/4PXJ_WT_variant001.pdb	False	531	394	137	0	A:205-341
WT/6E4H_WT_variant001.pdb	False	479	394	85	0	A:205-289
WT/6Q5S_WT_variant001.pdb	False	479	394	85	0	A:205-289
WT/7Q1R_WT_variant001.pdb	False	479	394	85	0	A:205-289
WT/7Q1T_WT_variant001.pdb	False	479	394	85	0	A:205-289
