control_id,parent_pdb,parent_name,mutation_string,heptad_positions_mutated,mutation_class,mechanism,experimental_outcome,Kd_nM_or_state,delta_Tm_C,reference,priority,af3_expected_prediction,boltz_expected_prediction,overfitting_test_rationale
NC-01,6E4H,PALB2cc,L14A,d2,core_cavity,Single Leu→Ala at d2(pos14) removes 5 methyl groups; creates buried cavity too large for water but too small for Ala; packing collapse. Positions corrected to match stored 30aa coil1 sequence (register off=3; original Bhatt 2018 numbering used full-length PALB2),Monomeric by MALS; CD confirms loss of helical coiled-coil signal,monomeric,>-20,Bhatt 2018 Biochemistry 58:2811,1,may predict partial coiled-coil,likely disordered,Gold standard: single d-position Ala in the actual LogicGate scaffold. If AF3/Boltz predict a folded dimer this is a clear false positive.
NC-02,6E4H,PALB2cc,L7A/L14A,d1+d2,core_cavity,Double d-position Leu→Ala at d1(pos7)+d2(pos14); consecutive heptads; catastrophic core destabilisation across two layers,Expected monomeric (additive destabilisation of NC-01),monomeric,>-30,predicted by additivity from NC-01,1,likely predicts helix but not dimer,likely monomeric,Consecutive double-cavity: tests whether models degrade gracefully with cumulative core damage.
NC-03,7Q1R,apCC-Di,I14E/I28E,a2+a4,electrostatic_clash,Ile→Glu at a2(pos14) and a4(pos28); buried negative charges force strong electrostatic repulsion at the hydrophobic core interface. Positions corrected from I5E/I12E (which hit Q residues) to actual Ile@a positions per heptad register off=6,Expected monomeric (buried charge repulsion > hydrophobic driving force),monomeric,>-25,Thompson 2014 JACS 136:16987 (Ile→Glu at a ablates assembly),1,may hallucinate parallel or monomeric,likely monomeric,Buried charged pair: tests models on electrostatically impossible interface. AF3 is known to hallucinate CC geometry even with clashing charges.
NC-04,7Q1R,apCC-Di,I14E/I28E/L10A/L17A,a2+a4+d2+d3,combined_disruption,Combined electrostatic clash + cavity: Ile@a2+a4→Glu plus core Leu@d2(pos10)+d3(pos17)→Ala; removes all hydrophobic contacts AND introduces charge clash; helix itself should be maintained but dimerization impossible,Expected fully monomeric; helical monomer structure retained,monomeric,>-40,Thompson 2014 JACS 136:16987 + additivity,2,likely predicts helical monomer,likely disordered,Extreme multi-site control: maximum confidence negative. If any model predicts a dimer here it is hallucinating.
NC-05,7Q1T,apCC-Di-AB,SPECIAL:heterodimer,a1 on each chain,electrostatic_clash_het,I→E on chain A coil + I→E on chain B coil at equivalent a positions; chain-specific notation cannot be expressed as simple point mutations; handled by rebuild_negctrls.py which applies mechA/mechB to each coil independently,Expected monomeric; no heterodimer by ITC or SEC,monomeric,>-20,by analogy to NC-03 + Oakley 2002 Biochemistry 41:5255 (heterodimer interface),1,may predict partial complex,likely monomeric,Heterodimer-specific control: mirrors NC-03 for the AB system; critical because the pipeline uses heterodimer geometry.
NC-06,6Q5S,apCC-Tet,L6A/L13A/L20A,d1+d2+d3,core_cavity_tetramer,Triple d-position Leu→Ala at d1(pos6)+d2(pos13)+d3(pos20) in the apCC-Tet scaffold; removes 15 methyl groups from the 4-helix bundle core. Corrected from L12A/L19A/L26A (which hit Ala residues) to actual d-position Leu per register off=2,Expected monomeric at µM concentrations,monomeric,>-35,Dürr 2000 Biochemistry 39:870 (2× Leu/Ala destabilises by ~25 kJ/mol); Rhys 2019 Nature 569:76,2,uncertain — may predict bundle geometry,may predict partial assembly,Tests the Woolfson tetramer scaffold: important because apCC-Tet is in the positive set.
NC-07,4PXJ,JIP3-LZII,L8A/L15A/L22A/L29A,d2+d3+d4+d5,core_cavity_natural,Systematic Leu→Ala at d2(pos8)+d3(pos15)+d4(pos22)+d5(pos29) of the natural JIP3 antiparallel dimer; removes four consecutive d-layer hydrophobic contacts. Corrected from L3A/L10A/L17A/L24A (full-protein numbering) to actual d-Leu positions in stored 56aa coil per register off=4,Expected monomeric; helix secondary structure may be partly retained,monomeric,>-40,O'Shea 1989 Science 243:538 (Leu→Ala at d positions abolishes GCN4 dimerization); confirmed by Bhatt 2018 analogy,1,uncertain — long helix may maintain partial structure,may predict unfolded,Natural-protein control: equivalent to removing every d-layer Leu. If AF3/Boltz use MSA information to hallucinate the natural fold this is a detection test.
NC-08,6E4H,PALB2cc,L7A/L11A/L14A,d1+a2+d2,core_cavity,Triple Leu→Ala at d1(pos7)+a2(pos11)+d2(pos14) in PALB2cc; extends NC-02 across three consecutive core positions. Only 2 d-position Leu available in stored 30aa; a2 Leu included for triple. Corrected from L17A/L24A/L31A (wrong positions/OOB),Expected monomeric (stronger than NC-02),monomeric,>-35,additivity from NC-01/NC-02 + Dürr 2000,2,may still predict partial helical structure,likely disordered,Progressive severity series (NC-01 → NC-02 → NC-08): allows calibration of model confidence vs. disruption depth.
NC-09,7Q1R,apCC-Di,I14A/I28A/L10A/L17A,a2+a4+d2+d3,core_cavity_complete,All four core a+d-Ile/Leu positions changed to Ala: Ile@a2(pos14)+a4(pos28)→Ala plus Leu@d2(pos10)+d3(pos17)→Ala; complete core gutting without charge introduction. Corrected from I5A/I12A/L9A/L16A (which hit Q/A residues),Expected monomeric; pure packing failure without electrostatic component,monomeric,>-35,Harbury 1993 Science 262:1401 (Ile/Leu→Ala at a/d positions in GCN4 derivatives); Lumb 1995 Biochemistry 34:8642,2,uncertain,likely disordered,Pure cavity control (no charge): distinguishes whether model failures are steric or electrostatic in origin.
NC-10,7Q1R,apCC-Di,L10P/I14P,d2+a2,helix_breaker,Pro at d2(pos10,L) and a2(pos14,I) of the apCC-Di heptad register (off=6); Pro is a helix breaker that rigidifies and kinks the backbone; disrupts both helix and packing,Expected monomeric/unfolded; CD shows random coil signature,unfolded,>-30,Hicks 2002 PNAS 99:12203 (Pro insertion in CC ablates assembly); Woolfson 1995 Biochemistry,2,likely predicts random coil,likely predicts unfolded,Helix-breaker control: tests models in a qualitatively different failure mode (unfolded vs. monomeric-helical). Orthogonal to Ala-cavity controls.
NC-11,6E4H,PALB2cc,L7E/L11A/L14E/Y18A,d1+a2+d2+a3,electrostatic_alternating,Replace core residues at d1(pos7,L)→E + a2(pos11,L)→A + d2(pos14,L)→E + a3(pos18,Y)→A; alternating charge-then-hole pattern; both electrostatic repulsion and cavity simultaneously. Corrected from 'scrambled_core_AEAE' (unparseable) using 6E4H register off=3,Expected monomeric; double mechanism of disruption,monomeric,>-30,composite: Bhatt 2018 (cavity) + Thompson 2014 (charge at a),1,uncertain — may partially hallucinate helical structure,likely disordered,Compound-mechanism control in the actual LogicGate scaffold: most realistic test of model robustness because the parent is 6E4H.
NC-12,7Q1R,apCC-Di,SPECIAL:scramble,all,sequence_scramble,Composition-matched sequence scramble — cannot be expressed as point mutations; handled by rebuild_negctrls.py mechE_scramble strategy,Expected monomeric/disordered; random coil by CD,disordered,>-50,rational expectation; used as composition-matched control in many CC design papers,1,should predict disordered,should predict disordered,Composition-matched scramble: strongest possible control — same atoms but destroyed pattern. Models that predict a coiled coil on a scrambled sequence are hallucinating topology.
